Test_Label,NR_val,ATL_val,ASTC_final_val,ASTC_contour_val,ASTC_recieve_corr,sabines,room_vol
1.2.1,"[17.6, 15.5, 18.4, 24.4, 30.0, 32.1, 36.1, 37.2, 40.5, 44.6, 49.3, 53.4, 53.2, 54.3, 60.3, 64.4, 67.3]","[20.7, 17.5, 19.8, 27.1, 31.5, 35.5, 39.6, 41.2, 45.3, 49.0, 53.4, 57.3, 57.8, 59.4, 65.6, 69.5, 72.2]",41,"[25, 28, 31, 34, 37, 40, 41, 42, 43, 44, 45, 45, 45, 45, 45, 45, 45]","[78.2, 79.5, 73.0, 65.6, 61.6, 57.6, 52.7, 47.5, 42.0, 39.91962348805436, 33.662222443755745, 30.4, 28.2, 25.5, 22.1, 19.6, 17.7]","[212, 267, 313, 228, 305, 194, 189, 170, 143, 153, 169, 173, 150, 132, 127, 132, 138]",3949.0
