Test_Label,NR_val,NIC_contour_val,NIC_final_val,NIC_recieve_corr,sabines,room_vol
1.3.1,"[19.9, 17.4, 25.0, 27.2, 27.6, 36.1, 38.1, 39.0, 37.5, 39.5, 40.8, 48.5, 46.5, 47.5, 53.7, 51.9, 53.8]",38,40,"[76.2, 78.6, 67.9, 61.6, 60.2, 52.3, 50.3, 45.2, 44.6, 44.7, 41.4, 34.3, 33.6, 31.1, 27.3, 30.6, 29.5]","[62.431920649233554, 109.03464566929135, 109.90000000000002, 90.03511053315995, 120.62195121951223, 92.56283422459894, 48.04788341429563, 71.37835051546394, 64.406511627907, 59.5843373493976, 65.50331125827816, 68.96115537848607, 64.22727272727273, 57.079142621599345, 54.73280632411068, 56.52, 62.885558583106274]",1413.0
